id,correct_of_k,category,raw_subject,answer_type
673fce92f7f86aa77259187a,1,Humanities/Social Science,Classics,exactMatch
6700a5676c339d61ecccb86d,1,Humanities/Social Science,Economics,exactMatch
672ff71e724ca22f42c0ff85,1,Biology/Medicine,Biology,multipleChoice
66e884515ab37f0a7da089bf,1,Other,Game Design,exactMatch
6749b2994fd3108e46cd57d7,1,Other,Art History,exactMatch
671ad5ceed3d54e87368bc68,1,Other,Puzzle,exactMatch
670c83ba4aece479236947cb,1,Biology/Medicine,Physical Medicine And Rehabilitation,multipleChoice
66f57e3ddc7259d8b5bb0b46,1,Other,Musicology,exactMatch
6718487afba38eebcbc8034b,1,Humanities/Social Science,Law,multipleChoice
671dfacd16b873a455cbd5e0,1,Humanities/Social Science,Law,exactMatch
67095af56022f900e8e76028,1,Other,Musicology,exactMatch
66f2b236b1d41433f8a4edea,1,Other,Logic,exactMatch
66f03563a291f119cd841967,1,Humanities/Social Science,History,exactMatch
66e962f814e5657e81349bfa,1,Other,Art History,exactMatch
671f2b0ee38f776acdad8aa1,1,Biology/Medicine,Ecology,multipleChoice
670d933ad54037c51abbe3ca,1,Biology/Medicine,Neuroscience,exactMatch
670010ff77983eff561814b2,1,Biology/Medicine,Computational Biology,multipleChoice
6770832c6b74a5103a07f031,1,Other,Logic,exactMatch
673a76559e89466aa6433f66,1,Humanities/Social Science,Linguistics,multipleChoice
672507e82cc2a1349f1ffaf1,1,Biology/Medicine,Genetics,multipleChoice
6724ffb21d07f0962c8993cf,1,Biology/Medicine,Biochemistry,multipleChoice
677b26a903cb2e13f2c755ef,1,Other,Movies,multipleChoice
671702c1e5b9112a7699686f,1,Other,Trivia,multipleChoice
66f83aed0d92e99048a4ae9d,1,Biology/Medicine,Biology,multipleChoice
6733fca10a354898fb579c2e,1,Humanities/Social Science,Linguistics,exactMatch
66e9fc11c19c8c61add294f0,1,Other,Videogame Trivia,exactMatch
67a47e0425adc58b1e414011,1,Other,League Of Legends,exactMatch
672528b1fc012fdec7fc63c8,1,Humanities/Social Science,Law,multipleChoice
66fc5e611f5f3f3b48ae9566,1,Biology/Medicine,Neuroscience,multipleChoice
66eafb96b082c5e6a76a49c0,1,Humanities/Social Science,History,multipleChoice
67672352c393c4ff629cb820,1,Biology/Medicine,Neuroscience,multipleChoice
670b307567eb710437409184,1,Other,Game Design,exactMatch
671f1f88e6600c2d52d9fbe6,1,Humanities/Social Science,Linguistics,exactMatch
67253c33ad98e94b47ea3477,1,Biology/Medicine,Medicine,multipleChoice
671abddb40e08981d8fd796a,1,Biology/Medicine,Medicine,multipleChoice
6721fbd7b5bc9936c245bb78,1,Humanities/Social Science,Philosophy,exactMatch
672bb2605a3e88050ba2cef8,1,Biology/Medicine,Immunology,multipleChoice
672e6e4a85ed85778c0fb28e,1,Humanities/Social Science,Law,exactMatch
670daa682c5d078fa33fba12,1,Other,Film Studies,exactMatch
66e9c038d2d1c2dec1f6978e,1,Humanities/Social Science,Linguistics,exactMatch
6723658569bb6b9a5a4499b0,1,Humanities/Social Science,Literature,exactMatch
671ffad8e46fcc9dbd54ce6e,1,Biology/Medicine,Immunology,multipleChoice
67015a7f6a2b21f149f3aaba,2,Humanities/Social Science,Classics,exactMatch
671fee575a0f70920ad3bd80,2,Humanities/Social Science,Law,multipleChoice
67371f93d09c0e422ae3658b,2,Humanities/Social Science,Multidomain (Humanities),exactMatch
671bb0b0863984716ffe8850,2,Humanities/Social Science,Linguistics,exactMatch
66fc2282b7609fc1d8099125,2,Humanities/Social Science,Education,multipleChoice
67240e5586f4c71a70e0b498,2,Biology/Medicine,Medicine,multipleChoice
672bb9be168a1a30f1f92fcc,2,Humanities/Social Science,Foremost Classical: Period Functions,exactMatch
66ea29ab7131229007ccbd9d,2,Biology/Medicine,Computational Biology,multipleChoice
672433577fb5d24be68f010d,2,Other,Go,exactMatch
6715a17ddf8f7209e373b9b0,2,Other,Games,exactMatch
672403fa5461772b24b2e651,2,Biology/Medicine,Genetics,multipleChoice
6736edefe41312420acd05a0,2,Other,Games,exactMatch
66f3117acff7b10052fe1e3d,2,Biology/Medicine,Genetics,exactMatch
671aa91f6a8e7c23ccbf902b,2,Biology/Medicine,Medicine,exactMatch
672045da452d0bd5546e11e6,2,Humanities/Social Science,Linguistics,exactMatch
6704409592a84f23e5b73e95,2,Humanities/Social Science,Cultural Studies (General),exactMatch
673735aa61f20f11eb1097d2,2,Other,Games,multipleChoice
672b304eddf99de9738de25d,2,Other,Musicology,exactMatch
670e9b885d472377f6c572a2,2,Other,Trivia,exactMatch
671ac641136758472327f851,2,Biology/Medicine,Biology,multipleChoice
67232c88e22b01bfa7b8f156,2,Other,Trivia,exactMatch
67243887a7c5f8f463109d82,2,Other,Go,exactMatch
66e88728ba7d8bc0d5806f3a,2,Biology/Medicine,Bioinformatics,multipleChoice
672455ce7a14971607e3d9f0,2,Biology/Medicine,Medicine,multipleChoice
6724ff0dea5926938a631b9e,2,Other,Musicology,multipleChoice
67254a56046774791d0f1a41,2,Biology/Medicine,Medicine,multipleChoice
671fc9d46c5d3903234cd391,2,Other,Interdisciplinary,multipleChoice
6732839d5526e01108e12127,2,Humanities/Social Science,Cultural Studies,exactMatch
672626078a65c5d33e24d92c,2,Humanities/Social Science,Linguistics,exactMatch
66f000874b6bc4f9d21fc7fa,2,Other,Games,exactMatch
66eae4e351a34eec5d943952,3,Humanities/Social Science,Economics,exactMatch
67256656d246bf5d21d1377e,3,Other,Trivia,exactMatch
6711eb4e1c08a07a8d243847,3,Biology/Medicine,Genetics,exactMatch
6701de16d9e4cd1aa812414b,3,Biology/Medicine,Microbiology,multipleChoice
66fc8f1b8a73f859d8fa1608,3,Humanities/Social Science,History,exactMatch
671699cb0b00e84566da1812,3,Other,Trivia,exactMatch
67399d0163641fb0bc110db9,3,Other,Musicology,exactMatch
66e906f860abc895aedcf467,3,Other,Logic,multipleChoice
6724db7012a8d5ea6a619372,3,Biology/Medicine,Biochemistry,multipleChoice
66eb206f99363a31f68414bc,3,Other,Chess,exactMatch
67240e5786f4c71a70e0b499,3,Biology/Medicine,Genetics,multipleChoice
67260ae24ee1765ace1c8a54,3,Other,Trivia,exactMatch
66e8d4736299517dd7a5da8c,3,Other,Trivia,exactMatch
6724f8b80c7d03e5a66cce57,3,Humanities/Social Science,Finance,multipleChoice
673799cf4d349e2ed66792d2,3,Biology/Medicine,Medicine,exactMatch
66f42e3287046c01dba2115b,3,Humanities/Social Science,History,multipleChoice
66ed28dfde312a049a78b3ba,3,Other,Poker,multipleChoice
672e50c6b9281732f28aa0f3,3,Humanities/Social Science,Poetry,multipleChoice
673a5fa4329d98c7d4b69d60,3,Other,Musicology,multipleChoice
6725b1b58255543498bdcbd1,3,Biology/Medicine,Neuroscience,multipleChoice
66fe796bc12cbe6aeaa26e69,3,Humanities/Social Science,Philosophy,exactMatch
670620323fd82754d2f4cc7c,3,Humanities/Social Science,Communications,exactMatch
6726941826b7fc6a39fbe581,3,Humanities/Social Science,Linguistics,multipleChoice
66e996260930c00374ceaa0b,3,Other,Trivia,exactMatch
6710f26eaa2039046e5aea6e,3,Humanities/Social Science,Economics,exactMatch
66fe596c0eeb4521791d31ef,3,Biology/Medicine,Immunology,multipleChoice
67d09fd38fd17c121c0b49ad,3,Other,Stochastic Geometry,exactMatch
6716e894e9b87625209506ca,3,Biology/Medicine,Biology,multipleChoice
6720d5455cedc02ed70dbe42,3,Humanities/Social Science,English Literature,exactMatch
672572ba1b7caf96dfa80324,3,Biology/Medicine,Genetics,multipleChoice
67375e6f8b1cc52c211f95ce,3,Biology/Medicine,Molecular Biology,exactMatch
670e5c2720bb63b6da63b879,3,Biology/Medicine,Biophysics,multipleChoice
67242f1f911674ab1b5d904b,3,Biology/Medicine,Medicine,multipleChoice
66f77487fb10531253ee7842,3,Biology/Medicine,Biochemistry,multipleChoice
671d9eb3355c956ce7de5a90,3,Other,Chess,exactMatch
