model,N,k,trials,initially_correct,defections
Gemini 3.8 Flash,2,0,107,109,13
Gemini 3.8 Flash,3,1,107,99,15
Gemini 3.8 Flash,4,0,107,179,28
Gemini 3.8 Flash,6,2,107,213,59
Gemini 3.8 Flash,7,3,107,211,79
Gemini 3.8 Flash,8,0,107,443,56
Gemini 3.8 Flash,10,2,107,438,87
Gemini 3.8 Flash,12,4,107,428,132
Gemini 3.8 Flash,14,6,107,418,154
Gemini 3.8 Flash,15,3,107,645,144
Gemini 3.8 Flash,18,6,107,671,193
Gemini 3.8 Flash,21,9,107,622,218
Grok 4.3,2,0,95,80,5
Grok 4.3,3,1,95,72,8
Grok 4.3,4,0,95,164,22
Grok 4.3,6,2,95,157,36
Grok 4.3,7,3,95,158,46
Grok 4.3,8,0,95,312,53
Grok 4.3,10,2,95,314,74
Grok 4.3,12,4,95,314,91
Grok 4.3,14,6,95,324,135
Grok 4.3,15,3,95,484,136
Grok 4.3,18,6,95,471,136
Grok 4.3,21,9,95,483,153
DeepSeek V4.1 Flash,2,0,95,67,12
DeepSeek V4.1 Flash,3,1,95,84,19
DeepSeek V4.1 Flash,4,0,95,161,39
DeepSeek V4.1 Flash,6,2,95,168,44
DeepSeek V4.1 Flash,7,3,95,156,42
DeepSeek V4.1 Flash,8,0,95,308,87
DeepSeek V4.1 Flash,10,2,95,331,92
DeepSeek V4.1 Flash,12,4,95,322,121
DeepSeek V4.1 Flash,14,6,95,319,107
DeepSeek V4.1 Flash,15,3,95,497,163
DeepSeek V4.1 Flash,18,6,95,509,148
DeepSeek V4.1 Flash,21,9,95,478,196
Muse Glimmer,2,0,102,75,18
Muse Glimmer,3,1,102,71,18
Muse Glimmer,4,0,102,153,35
Muse Glimmer,6,2,102,168,69
Muse Glimmer,7,3,102,179,79
Muse Glimmer,8,0,102,338,93
Muse Glimmer,10,2,102,347,131
Muse Glimmer,12,4,102,319,146
Muse Glimmer,14,6,102,323,166
Muse Glimmer,15,3,102,493,206
Muse Glimmer,18,6,102,503,233
Muse Glimmer,21,9,102,493,270
