family,honest,k,N,f,bucket,wins,losses,games
Gemini 3.8 Flash,2,0,2,0.0,1/4,23,19,42
Gemini 3.8 Flash,2,0,2,0.0,2/4,16,14,30
Gemini 3.8 Flash,2,0,2,0.0,3/4,29,6,35
Gemini 3.8 Flash,2,1,3,0.3333,1/4,15,27,42
Gemini 3.8 Flash,2,1,3,0.3333,2/4,15,15,30
Gemini 3.8 Flash,2,1,3,0.3333,3/4,24,11,35
Gemini 3.8 Flash,4,0,4,0.0,1/4,16,26,42
Gemini 3.8 Flash,4,0,4,0.0,2/4,15,15,30
Gemini 3.8 Flash,4,0,4,0.0,3/4,30,5,35
Gemini 3.8 Flash,4,2,6,0.3333,1/4,16,26,42
Gemini 3.8 Flash,4,2,6,0.3333,2/4,14,16,30
Gemini 3.8 Flash,4,2,6,0.3333,3/4,24,11,35
Gemini 3.8 Flash,4,3,7,0.4286,1/4,12,30,42
Gemini 3.8 Flash,4,3,7,0.4286,2/4,14,16,30
Gemini 3.8 Flash,4,3,7,0.4286,3/4,21,14,35
Gemini 3.8 Flash,8,0,8,0.0,1/4,26,16,42
Gemini 3.8 Flash,8,0,8,0.0,2/4,23,7,30
Gemini 3.8 Flash,8,0,8,0.0,3/4,29,6,35
Gemini 3.8 Flash,8,2,10,0.2,1/4,18,24,42
Gemini 3.8 Flash,8,2,10,0.2,2/4,18,12,30
Gemini 3.8 Flash,8,2,10,0.2,3/4,29,6,35
Gemini 3.8 Flash,8,4,12,0.3333,1/4,15,27,42
Gemini 3.8 Flash,8,4,12,0.3333,2/4,15,15,30
Gemini 3.8 Flash,8,4,12,0.3333,3/4,25,10,35
Gemini 3.8 Flash,8,6,14,0.4286,1/4,13,29,42
Gemini 3.8 Flash,8,6,14,0.4286,2/4,14,16,30
Gemini 3.8 Flash,8,6,14,0.4286,3/4,22,13,35
Gemini 3.8 Flash,12,3,15,0.2,1/4,21,21,42
Gemini 3.8 Flash,12,3,15,0.2,2/4,18,12,30
Gemini 3.8 Flash,12,3,15,0.2,3/4,28,7,35
Gemini 3.8 Flash,12,6,18,0.3333,1/4,17,25,42
Gemini 3.8 Flash,12,6,18,0.3333,2/4,18,12,30
Gemini 3.8 Flash,12,6,18,0.3333,3/4,27,8,35
Gemini 3.8 Flash,12,9,21,0.4286,1/4,16,26,42
Gemini 3.8 Flash,12,9,21,0.4286,2/4,15,15,30
Gemini 3.8 Flash,12,9,21,0.4286,3/4,22,13,35
Grok 4.3,2,0,2,0.0,1/4,14,24,38
Grok 4.3,2,0,2,0.0,2/4,12,18,30
Grok 4.3,2,0,2,0.0,3/4,20,7,27
Grok 4.3,2,1,3,0.3333,1/4,8,30,38
Grok 4.3,2,1,3,0.3333,2/4,12,18,30
Grok 4.3,2,1,3,0.3333,3/4,20,7,27
Grok 4.3,4,0,4,0.0,1/4,12,26,38
Grok 4.3,4,0,4,0.0,2/4,17,13,30
Grok 4.3,4,0,4,0.0,3/4,23,4,27
Grok 4.3,4,2,6,0.3333,1/4,7,31,38
Grok 4.3,4,2,6,0.3333,2/4,13,17,30
Grok 4.3,4,2,6,0.3333,3/4,20,7,27
Grok 4.3,4,3,7,0.4286,1/4,7,31,38
Grok 4.3,4,3,7,0.4286,2/4,12,18,30
Grok 4.3,4,3,7,0.4286,3/4,18,9,27
Grok 4.3,8,0,8,0.0,1/4,17,21,38
Grok 4.3,8,0,8,0.0,2/4,18,12,30
Grok 4.3,8,0,8,0.0,3/4,20,7,27
Grok 4.3,8,2,10,0.2,1/4,10,28,38
Grok 4.3,8,2,10,0.2,2/4,17,13,30
Grok 4.3,8,2,10,0.2,3/4,22,5,27
Grok 4.3,8,4,12,0.3333,1/4,10,28,38
Grok 4.3,8,4,12,0.3333,2/4,14,16,30
Grok 4.3,8,4,12,0.3333,3/4,20,7,27
Grok 4.3,8,6,14,0.4286,1/4,8,30,38
Grok 4.3,8,6,14,0.4286,2/4,9,21,30
Grok 4.3,8,6,14,0.4286,3/4,12,15,27
Grok 4.3,12,3,15,0.2,1/4,11,27,38
Grok 4.3,12,3,15,0.2,2/4,16,14,30
Grok 4.3,12,3,15,0.2,3/4,19,8,27
Grok 4.3,12,6,18,0.3333,1/4,9,29,38
Grok 4.3,12,6,18,0.3333,2/4,13,17,30
Grok 4.3,12,6,18,0.3333,3/4,18,9,27
Grok 4.3,12,9,21,0.4286,1/4,8,30,38
Grok 4.3,12,9,21,0.4286,2/4,14,16,30
Grok 4.3,12,9,21,0.4286,3/4,18,9,27
DeepSeek V4.1 Flash,2,0,2,0.0,1/4,9,29,38
DeepSeek V4.1 Flash,2,0,2,0.0,2/4,17,13,30
DeepSeek V4.1 Flash,2,0,2,0.0,3/4,18,9,27
DeepSeek V4.1 Flash,2,1,3,0.3333,1/4,9,29,38
DeepSeek V4.1 Flash,2,1,3,0.3333,2/4,20,10,30
DeepSeek V4.1 Flash,2,1,3,0.3333,3/4,21,6,27
DeepSeek V4.1 Flash,4,0,4,0.0,1/4,16,22,38
DeepSeek V4.1 Flash,4,0,4,0.0,2/4,18,12,30
DeepSeek V4.1 Flash,4,0,4,0.0,3/4,21,6,27
DeepSeek V4.1 Flash,4,2,6,0.3333,1/4,8,30,38
DeepSeek V4.1 Flash,4,2,6,0.3333,2/4,16,14,30
DeepSeek V4.1 Flash,4,2,6,0.3333,3/4,19,8,27
DeepSeek V4.1 Flash,4,3,7,0.4286,1/4,9,29,38
DeepSeek V4.1 Flash,4,3,7,0.4286,2/4,15,15,30
DeepSeek V4.1 Flash,4,3,7,0.4286,3/4,17,10,27
DeepSeek V4.1 Flash,8,0,8,0.0,1/4,13,25,38
DeepSeek V4.1 Flash,8,0,8,0.0,2/4,20,10,30
DeepSeek V4.1 Flash,8,0,8,0.0,3/4,17,10,27
DeepSeek V4.1 Flash,8,2,10,0.2,1/4,9,29,38
DeepSeek V4.1 Flash,8,2,10,0.2,2/4,19,11,30
DeepSeek V4.1 Flash,8,2,10,0.2,3/4,18,9,27
DeepSeek V4.1 Flash,8,4,12,0.3333,1/4,10,28,38
DeepSeek V4.1 Flash,8,4,12,0.3333,2/4,18,12,30
DeepSeek V4.1 Flash,8,4,12,0.3333,3/4,14,13,27
DeepSeek V4.1 Flash,8,6,14,0.4286,1/4,10,28,38
DeepSeek V4.1 Flash,8,6,14,0.4286,2/4,12,18,30
DeepSeek V4.1 Flash,8,6,14,0.4286,3/4,14,13,27
DeepSeek V4.1 Flash,12,3,15,0.2,1/4,11,27,38
DeepSeek V4.1 Flash,12,3,15,0.2,2/4,20,10,30
DeepSeek V4.1 Flash,12,3,15,0.2,3/4,19,8,27
DeepSeek V4.1 Flash,12,6,18,0.3333,1/4,8,30,38
DeepSeek V4.1 Flash,12,6,18,0.3333,2/4,16,14,30
DeepSeek V4.1 Flash,12,6,18,0.3333,3/4,19,8,27
DeepSeek V4.1 Flash,12,9,21,0.4286,1/4,7,31,38
DeepSeek V4.1 Flash,12,9,21,0.4286,2/4,13,17,30
DeepSeek V4.1 Flash,12,9,21,0.4286,3/4,15,12,27
Muse Glimmer 30B,2,0,2,0.0,1/4,6,19,25
Muse Glimmer 30B,2,0,2,0.0,2/4,8,8,16
Muse Glimmer 30B,2,0,2,0.0,3/4,8,2,10
Muse Glimmer 30B,2,1,3,0.3333,1/4,4,21,25
Muse Glimmer 30B,2,1,3,0.3333,2/4,11,5,16
Muse Glimmer 30B,2,1,3,0.3333,3/4,6,4,10
Muse Glimmer 30B,4,0,4,0.0,1/4,6,19,25
Muse Glimmer 30B,4,0,4,0.0,2/4,9,7,16
Muse Glimmer 30B,4,0,4,0.0,3/4,9,1,10
Muse Glimmer 30B,4,2,6,0.3333,1/4,4,21,25
Muse Glimmer 30B,4,2,6,0.3333,2/4,5,11,16
Muse Glimmer 30B,4,2,6,0.3333,3/4,6,4,10
Muse Glimmer 30B,4,3,7,0.4286,1/4,3,22,25
Muse Glimmer 30B,4,3,7,0.4286,2/4,5,11,16
Muse Glimmer 30B,4,3,7,0.4286,3/4,4,6,10
Muse Glimmer 30B,8,0,8,0.0,1/4,8,17,25
Muse Glimmer 30B,8,0,8,0.0,2/4,13,3,16
Muse Glimmer 30B,8,0,8,0.0,3/4,9,1,10
Muse Glimmer 30B,8,2,10,0.2,1/4,4,21,25
Muse Glimmer 30B,8,2,10,0.2,2/4,7,9,16
Muse Glimmer 30B,8,2,10,0.2,3/4,8,2,10
Muse Glimmer 30B,8,4,12,0.3333,1/4,3,22,25
Muse Glimmer 30B,8,4,12,0.3333,2/4,7,9,16
Muse Glimmer 30B,8,4,12,0.3333,3/4,7,3,10
Muse Glimmer 30B,8,6,14,0.4286,1/4,2,23,25
Muse Glimmer 30B,8,6,14,0.4286,2/4,2,14,16
Muse Glimmer 30B,8,6,14,0.4286,3/4,5,5,10
Muse Glimmer 30B,12,3,15,0.2,1/4,6,19,25
Muse Glimmer 30B,12,3,15,0.2,2/4,9,7,16
Muse Glimmer 30B,12,3,15,0.2,3/4,8,2,10
Muse Glimmer 30B,12,6,18,0.3333,1/4,1,24,25
Muse Glimmer 30B,12,6,18,0.3333,2/4,4,12,16
Muse Glimmer 30B,12,6,18,0.3333,3/4,7,3,10
Muse Glimmer 30B,12,9,21,0.4286,1/4,1,24,25
Muse Glimmer 30B,12,9,21,0.4286,2/4,4,12,16
Muse Glimmer 30B,12,9,21,0.4286,3/4,4,6,10
