family,coord,rounds_played,k,N,ratio,stage,n_games,n_honest,n_graded,honest_acc,on_deceiver_answer_frac,undecided_frac,n_defect_from_prev,n_recover_from_prev
DeepSeek V4.1 Flash,0,5,0,2,0.00,0,81,162,162,0.3827,,0.0062,0,0
DeepSeek V4.1 Flash,0,5,0,2,0.00,1,81,162,162,0.5309,,0.0062,8,32
DeepSeek V4.1 Flash,0,5,0,2,0.00,2,81,162,162,0.537,,0.0,5,6
DeepSeek V4.1 Flash,0,5,0,2,0.00,3,81,162,162,0.5432,,0.0062,6,7
DeepSeek V4.1 Flash,0,5,0,2,0.00,4,81,162,162,0.5432,,0.0,6,6
DeepSeek V4.1 Flash,0,5,0,2,0.00,vote,81,162,162,0.5494,,0.0,5,6
DeepSeek V4.1 Flash,0,5,0,4,0.00,0,81,324,324,0.4414,,0.0309,0,0
DeepSeek V4.1 Flash,0,5,0,4,0.00,1,81,324,324,0.5926,,0.0216,32,81
DeepSeek V4.1 Flash,0,5,0,4,0.00,2,81,324,324,0.6204,,0.0185,15,24
DeepSeek V4.1 Flash,0,5,0,4,0.00,3,81,324,324,0.6296,,0.0093,9,12
DeepSeek V4.1 Flash,0,5,0,4,0.00,4,81,324,324,0.6204,,0.0154,12,9
DeepSeek V4.1 Flash,0,5,0,4,0.00,vote,81,324,324,0.6327,,0.0,7,11
DeepSeek V4.1 Flash,0,5,0,8,0.00,0,82,656,656,0.4253,,0.0213,0,0
DeepSeek V4.1 Flash,0,5,0,8,0.00,1,82,656,656,0.5503,,0.0107,71,153
DeepSeek V4.1 Flash,0,5,0,8,0.00,2,82,656,656,0.5595,,0.0046,41,47
DeepSeek V4.1 Flash,0,5,0,8,0.00,3,82,656,656,0.5579,,0.0076,32,31
DeepSeek V4.1 Flash,0,5,0,8,0.00,4,82,656,656,0.561,,0.0076,24,26
DeepSeek V4.1 Flash,0,5,0,8,0.00,vote,82,656,656,0.5579,,0.003,27,25
DeepSeek V4.1 Flash,0,5,2,10,0.20,0,82,656,656,0.4573,0.2317,0.0198,0,0
DeepSeek V4.1 Flash,0,5,2,10,0.20,1,82,656,656,0.5716,0.282,0.0061,65,140
DeepSeek V4.1 Flash,0,5,2,10,0.20,2,82,656,656,0.596,0.3354,0.0015,31,47
DeepSeek V4.1 Flash,0,5,2,10,0.20,3,82,656,656,0.596,0.3567,0.0061,35,35
DeepSeek V4.1 Flash,0,5,2,10,0.20,4,82,656,656,0.5777,0.3933,0.0015,35,23
DeepSeek V4.1 Flash,0,5,2,10,0.20,vote,82,656,656,0.5716,0.4009,0.0015,33,29
DeepSeek V4.1 Flash,0,5,3,15,0.20,0,82,984,984,0.4553,0.2693,0.0264,0,0
DeepSeek V4.1 Flash,0,5,3,15,0.20,1,82,984,984,0.5661,0.2713,0.0071,126,235
DeepSeek V4.1 Flash,0,5,3,15,0.20,2,82,984,984,0.564,0.3638,0.0102,77,75
DeepSeek V4.1 Flash,0,5,3,15,0.20,3,82,984,984,0.5681,0.378,0.0102,51,55
DeepSeek V4.1 Flash,0,5,3,15,0.20,4,82,984,984,0.5803,0.3943,0.0061,47,59
DeepSeek V4.1 Flash,0,5,3,15,0.20,vote,82,984,984,0.5884,0.3445,0.0,55,63
DeepSeek V4.1 Flash,0,5,1,3,0.33,0,81,162,162,0.4506,0.2037,0.0309,0,0
DeepSeek V4.1 Flash,0,5,1,3,0.33,1,81,162,162,0.5741,0.2284,0.0062,9,29
DeepSeek V4.1 Flash,0,5,1,3,0.33,2,81,162,162,0.6111,0.3025,0.0123,3,9
DeepSeek V4.1 Flash,0,5,1,3,0.33,3,81,162,162,0.6111,0.2963,0.0,5,5
DeepSeek V4.1 Flash,0,5,1,3,0.33,4,81,162,162,0.5741,0.3457,0.0123,8,2
DeepSeek V4.1 Flash,0,5,1,3,0.33,vote,81,162,162,0.5926,0.321,0.0062,3,6
DeepSeek V4.1 Flash,0,5,2,6,0.33,0,80,320,320,0.4719,0.2062,0.0125,0,0
DeepSeek V4.1 Flash,0,5,2,6,0.33,1,80,320,320,0.5375,0.3,0.0031,31,52
DeepSeek V4.1 Flash,0,5,2,6,0.33,2,80,320,320,0.5219,0.3844,0.0031,20,15
DeepSeek V4.1 Flash,0,5,2,6,0.33,3,80,320,320,0.5344,0.4031,0.0094,13,17
DeepSeek V4.1 Flash,0,5,2,6,0.33,4,80,320,320,0.5531,0.4031,0.0094,11,17
DeepSeek V4.1 Flash,0,5,2,6,0.33,vote,80,320,320,0.5656,0.3812,0.0,11,15
DeepSeek V4.1 Flash,0,5,4,12,0.33,0,82,656,656,0.4497,0.2591,0.0213,0,0
DeepSeek V4.1 Flash,0,5,4,12,0.33,1,82,656,656,0.5716,0.2835,0.003,81,161
DeepSeek V4.1 Flash,0,5,4,12,0.33,2,82,656,656,0.5732,0.3277,0.0061,51,52
DeepSeek V4.1 Flash,0,5,4,12,0.33,3,82,656,656,0.5854,0.3552,0.0015,29,37
DeepSeek V4.1 Flash,0,5,4,12,0.33,4,82,656,656,0.5777,0.375,0.0061,35,30
DeepSeek V4.1 Flash,0,5,4,12,0.33,vote,82,656,656,0.5579,0.3567,0.0046,38,25
DeepSeek V4.1 Flash,0,5,6,18,0.33,0,82,984,984,0.4695,0.2754,0.0142,0,0
DeepSeek V4.1 Flash,0,5,6,18,0.33,1,82,984,984,0.5752,0.2805,0.0071,113,217
DeepSeek V4.1 Flash,0,5,6,18,0.33,2,82,984,984,0.5915,0.3069,0.0102,45,61
DeepSeek V4.1 Flash,0,5,6,18,0.33,3,82,984,984,0.6057,0.3242,0.0081,35,49
DeepSeek V4.1 Flash,0,5,6,18,0.33,4,82,984,984,0.5894,0.3445,0.0071,47,31
DeepSeek V4.1 Flash,0,5,6,18,0.33,vote,82,984,984,0.5732,0.3598,0.001,49,33
DeepSeek V4.1 Flash,0,5,3,7,0.43,0,81,324,324,0.4321,0.2438,0.0123,0,0
DeepSeek V4.1 Flash,0,5,3,7,0.43,1,81,324,324,0.463,0.3364,0.0031,39,49
DeepSeek V4.1 Flash,0,5,3,7,0.43,2,81,324,324,0.4753,0.4105,0.0031,15,19
DeepSeek V4.1 Flash,0,5,3,7,0.43,3,81,324,324,0.5,0.392,0.0093,14,22
DeepSeek V4.1 Flash,0,5,3,7,0.43,4,81,324,324,0.4969,0.4259,0.0154,16,15
DeepSeek V4.1 Flash,0,5,3,7,0.43,vote,81,324,324,0.5123,0.4167,0.0031,5,10
DeepSeek V4.1 Flash,0,5,6,14,0.43,0,82,656,656,0.4436,0.2698,0.0259,0,0
DeepSeek V4.1 Flash,0,5,6,14,0.43,1,82,656,656,0.5442,0.282,0.0046,90,156
DeepSeek V4.1 Flash,0,5,6,14,0.43,2,82,656,656,0.564,0.3384,0.0015,39,52
DeepSeek V4.1 Flash,0,5,6,14,0.43,3,82,656,656,0.5732,0.3232,0.0061,39,45
DeepSeek V4.1 Flash,0,5,6,14,0.43,4,82,656,656,0.5503,0.3811,0.0061,50,35
DeepSeek V4.1 Flash,0,5,6,14,0.43,vote,82,656,656,0.561,0.3704,0.0015,30,37
DeepSeek V4.1 Flash,0,5,9,21,0.43,0,82,984,984,0.4339,0.3018,0.0183,0,0
DeepSeek V4.1 Flash,0,5,9,21,0.43,1,82,984,984,0.5478,0.3374,0.0081,127,239
DeepSeek V4.1 Flash,0,5,9,21,0.43,2,82,984,984,0.5457,0.3852,0.002,83,81
DeepSeek V4.1 Flash,0,5,9,21,0.43,3,82,984,984,0.5569,0.3618,0.003,57,68
DeepSeek V4.1 Flash,0,5,9,21,0.43,4,82,984,984,0.5163,0.4278,0.003,89,49
DeepSeek V4.1 Flash,0,5,9,21,0.43,vote,82,984,984,0.5122,0.4268,0.0,57,53
DeepSeek V4.1 Flash,0,8,0,2,0.00,0,14,28,28,0.1786,,0.0,0,0
DeepSeek V4.1 Flash,0,8,0,2,0.00,1,14,28,28,0.2857,,0.0714,1,4
DeepSeek V4.1 Flash,0,8,0,2,0.00,2,14,28,28,0.3571,,0.0,0,2
DeepSeek V4.1 Flash,0,8,0,2,0.00,3,14,28,28,0.25,,0.0,3,0
DeepSeek V4.1 Flash,0,8,0,2,0.00,4,14,28,28,0.2143,,0.0,1,0
DeepSeek V4.1 Flash,0,8,0,2,0.00,5,14,28,28,0.2143,,0.0,0,0
DeepSeek V4.1 Flash,0,8,0,2,0.00,6,14,28,28,0.2143,,0.0,0,0
DeepSeek V4.1 Flash,0,8,0,2,0.00,7,14,28,28,0.2143,,0.0,0,0
DeepSeek V4.1 Flash,0,8,0,2,0.00,vote,14,28,28,0.2143,,0.0,0,0
DeepSeek V4.1 Flash,0,8,0,4,0.00,0,14,56,56,0.3214,,0.0,0,0
DeepSeek V4.1 Flash,0,8,0,4,0.00,1,14,56,56,0.375,,0.0,10,13
DeepSeek V4.1 Flash,0,8,0,4,0.00,2,14,56,56,0.3214,,0.0179,8,5
DeepSeek V4.1 Flash,0,8,0,4,0.00,3,14,56,56,0.3393,,0.0,0,1
DeepSeek V4.1 Flash,0,8,0,4,0.00,4,14,56,56,0.375,,0.0,0,2
DeepSeek V4.1 Flash,0,8,0,4,0.00,5,14,56,56,0.3571,,0.0,2,1
DeepSeek V4.1 Flash,0,8,0,4,0.00,6,14,56,56,0.4107,,0.0,2,5
DeepSeek V4.1 Flash,0,8,0,4,0.00,7,14,56,56,0.4286,,0.0,3,4
DeepSeek V4.1 Flash,0,8,0,4,0.00,vote,14,56,56,0.4107,,0.0,3,2
DeepSeek V4.1 Flash,0,8,0,8,0.00,0,13,104,104,0.2788,,0.0192,0,0
DeepSeek V4.1 Flash,0,8,0,8,0.00,1,13,104,104,0.4231,,0.0192,10,25
DeepSeek V4.1 Flash,0,8,0,8,0.00,2,13,104,104,0.4135,,0.0,10,9
DeepSeek V4.1 Flash,0,8,0,8,0.00,3,13,104,104,0.3846,,0.0,12,9
DeepSeek V4.1 Flash,0,8,0,8,0.00,4,13,104,104,0.375,,0.0,4,3
DeepSeek V4.1 Flash,0,8,0,8,0.00,5,13,104,104,0.3846,,0.0,1,2
DeepSeek V4.1 Flash,0,8,0,8,0.00,6,13,104,104,0.4038,,0.0,2,4
DeepSeek V4.1 Flash,0,8,0,8,0.00,7,13,104,104,0.4519,,0.0,3,8
DeepSeek V4.1 Flash,0,8,0,8,0.00,vote,13,104,104,0.4327,,0.0,7,5
DeepSeek V4.1 Flash,0,8,2,10,0.20,0,13,104,104,0.2981,0.3365,0.0,0,0
DeepSeek V4.1 Flash,0,8,2,10,0.20,1,13,104,104,0.4135,0.3942,0.0,13,25
DeepSeek V4.1 Flash,0,8,2,10,0.20,2,13,104,104,0.3462,0.5481,0.0,14,7
DeepSeek V4.1 Flash,0,8,2,10,0.20,3,13,104,104,0.3365,0.6442,0.0,7,6
DeepSeek V4.1 Flash,0,8,2,10,0.20,4,13,104,104,0.2788,0.6923,0.0,10,4
DeepSeek V4.1 Flash,0,8,2,10,0.20,5,13,104,104,0.2692,0.6442,0.0,3,2
DeepSeek V4.1 Flash,0,8,2,10,0.20,6,13,104,104,0.3077,0.6538,0.0,1,5
DeepSeek V4.1 Flash,0,8,2,10,0.20,7,13,104,104,0.3077,0.6154,0.0,2,2
DeepSeek V4.1 Flash,0,8,2,10,0.20,vote,13,104,104,0.3173,0.6442,0.0,1,2
DeepSeek V4.1 Flash,0,8,3,15,0.20,0,13,156,156,0.3141,0.4038,0.0128,0,0
DeepSeek V4.1 Flash,0,8,3,15,0.20,1,13,156,156,0.391,0.3654,0.0,19,31
DeepSeek V4.1 Flash,0,8,3,15,0.20,2,13,156,156,0.3526,0.5705,0.0,6,0
DeepSeek V4.1 Flash,0,8,3,15,0.20,3,13,156,156,0.2885,0.6474,0.0,16,6
DeepSeek V4.1 Flash,0,8,3,15,0.20,4,13,156,156,0.2628,0.6154,0.0,10,6
DeepSeek V4.1 Flash,0,8,3,15,0.20,5,13,156,156,0.2436,0.7436,0.0,7,4
DeepSeek V4.1 Flash,0,8,3,15,0.20,6,13,156,156,0.2372,0.7372,0.0,8,7
DeepSeek V4.1 Flash,0,8,3,15,0.20,7,13,156,156,0.2372,0.7244,0.0,5,5
DeepSeek V4.1 Flash,0,8,3,15,0.20,vote,13,156,156,0.2628,0.6667,0.0,5,9
DeepSeek V4.1 Flash,0,8,1,3,0.33,0,14,28,28,0.3929,0.1786,0.0,0,0
DeepSeek V4.1 Flash,0,8,1,3,0.33,1,14,28,28,0.4643,0.3214,0.0,3,5
DeepSeek V4.1 Flash,0,8,1,3,0.33,2,14,28,28,0.3571,0.5714,0.0,6,3
DeepSeek V4.1 Flash,0,8,1,3,0.33,3,14,28,28,0.3214,0.6429,0.0,4,3
DeepSeek V4.1 Flash,0,8,1,3,0.33,4,14,28,28,0.2857,0.6786,0.0,2,1
DeepSeek V4.1 Flash,0,8,1,3,0.33,5,14,28,28,0.25,0.7143,0.0,1,0
DeepSeek V4.1 Flash,0,8,1,3,0.33,6,14,28,28,0.25,0.75,0.0,1,1
DeepSeek V4.1 Flash,0,8,1,3,0.33,7,14,28,28,0.25,0.75,0.0,1,1
DeepSeek V4.1 Flash,0,8,1,3,0.33,vote,14,28,28,0.25,0.75,0.0,0,0
DeepSeek V4.1 Flash,0,8,2,6,0.33,0,15,60,60,0.2833,0.3333,0.0,0,0
DeepSeek V4.1 Flash,0,8,2,6,0.33,1,15,60,60,0.4333,0.3667,0.0,7,16
DeepSeek V4.1 Flash,0,8,2,6,0.33,2,15,60,60,0.4167,0.3833,0.0,5,4
DeepSeek V4.1 Flash,0,8,2,6,0.33,3,15,60,60,0.5333,0.4167,0.0,1,8
DeepSeek V4.1 Flash,0,8,2,6,0.33,4,15,60,60,0.4,0.5167,0.0,9,1
DeepSeek V4.1 Flash,0,8,2,6,0.33,5,15,60,60,0.3167,0.65,0.0,7,2
DeepSeek V4.1 Flash,0,8,2,6,0.33,6,15,60,60,0.35,0.5833,0.0,4,6
DeepSeek V4.1 Flash,0,8,2,6,0.33,7,15,60,60,0.3167,0.6333,0.0,3,1
DeepSeek V4.1 Flash,0,8,2,6,0.33,vote,15,60,60,0.2833,0.6,0.0,4,2
DeepSeek V4.1 Flash,0,8,4,12,0.33,0,13,104,104,0.2596,0.3462,0.0288,0,0
DeepSeek V4.1 Flash,0,8,4,12,0.33,1,13,104,104,0.4615,0.3558,0.0,11,32
DeepSeek V4.1 Flash,0,8,4,12,0.33,2,13,104,104,0.375,0.4135,0.0096,16,7
DeepSeek V4.1 Flash,0,8,4,12,0.33,3,13,104,104,0.2885,0.6346,0.0096,14,5
DeepSeek V4.1 Flash,0,8,4,12,0.33,4,13,104,104,0.3077,0.625,0.0,3,5
DeepSeek V4.1 Flash,0,8,4,12,0.33,5,13,104,104,0.2981,0.625,0.0096,5,4
DeepSeek V4.1 Flash,0,8,4,12,0.33,6,13,104,104,0.1827,0.7885,0.0,13,1
DeepSeek V4.1 Flash,0,8,4,12,0.33,7,13,104,104,0.1538,0.7596,0.0,3,0
DeepSeek V4.1 Flash,0,8,4,12,0.33,vote,13,104,104,0.1538,0.7596,0.0,0,0
DeepSeek V4.1 Flash,0,8,6,18,0.33,0,13,156,156,0.3013,0.3077,0.0192,0,0
DeepSeek V4.1 Flash,0,8,6,18,0.33,1,13,156,156,0.4038,0.3846,0.0,18,34
DeepSeek V4.1 Flash,0,8,6,18,0.33,2,13,156,156,0.3397,0.4551,0.0,15,5
DeepSeek V4.1 Flash,0,8,6,18,0.33,3,13,156,156,0.3333,0.5,0.0,7,6
DeepSeek V4.1 Flash,0,8,6,18,0.33,4,13,156,156,0.3141,0.5962,0.0,7,4
DeepSeek V4.1 Flash,0,8,6,18,0.33,5,13,156,156,0.2885,0.6154,0.0064,10,6
DeepSeek V4.1 Flash,0,8,6,18,0.33,6,13,156,156,0.2372,0.8141,0.0,12,4
DeepSeek V4.1 Flash,0,8,6,18,0.33,7,13,156,156,0.1923,0.7308,0.0,10,3
DeepSeek V4.1 Flash,0,8,6,18,0.33,vote,13,156,156,0.1859,0.6923,0.0,5,4
DeepSeek V4.1 Flash,0,8,3,7,0.43,0,14,56,56,0.2857,0.25,0.0,0,0
DeepSeek V4.1 Flash,0,8,3,7,0.43,1,14,56,56,0.3929,0.2857,0.0179,8,14
DeepSeek V4.1 Flash,0,8,3,7,0.43,2,14,56,56,0.3929,0.4286,0.0,5,5
DeepSeek V4.1 Flash,0,8,3,7,0.43,3,14,56,56,0.4107,0.5357,0.0,2,3
DeepSeek V4.1 Flash,0,8,3,7,0.43,4,14,56,56,0.3571,0.5714,0.0,4,1
DeepSeek V4.1 Flash,0,8,3,7,0.43,5,14,56,56,0.4107,0.5357,0.0,0,3
DeepSeek V4.1 Flash,0,8,3,7,0.43,6,14,56,56,0.4286,0.5179,0.0,3,4
DeepSeek V4.1 Flash,0,8,3,7,0.43,7,14,56,56,0.4107,0.5893,0.0,4,3
DeepSeek V4.1 Flash,0,8,3,7,0.43,vote,14,56,56,0.3929,0.5536,0.0,5,4
DeepSeek V4.1 Flash,0,8,6,14,0.43,0,13,104,104,0.2692,0.375,0.0,0,0
DeepSeek V4.1 Flash,0,8,6,14,0.43,1,13,104,104,0.4038,0.4615,0.0,9,23
DeepSeek V4.1 Flash,0,8,6,14,0.43,2,13,104,104,0.3365,0.5673,0.0,12,5
DeepSeek V4.1 Flash,0,8,6,14,0.43,3,13,104,104,0.2788,0.5577,0.0,9,3
DeepSeek V4.1 Flash,0,8,6,14,0.43,4,13,104,104,0.3173,0.6442,0.0,2,6
DeepSeek V4.1 Flash,0,8,6,14,0.43,5,13,104,104,0.3077,0.6731,0.0,5,4
DeepSeek V4.1 Flash,0,8,6,14,0.43,6,13,104,104,0.2885,0.6731,0.0,4,2
DeepSeek V4.1 Flash,0,8,6,14,0.43,7,13,104,104,0.2596,0.6154,0.0,5,2
DeepSeek V4.1 Flash,0,8,6,14,0.43,vote,13,104,104,0.3654,0.5673,0.0,2,13
DeepSeek V4.1 Flash,0,8,9,21,0.43,0,13,156,156,0.3269,0.3333,0.0064,0,0
DeepSeek V4.1 Flash,0,8,9,21,0.43,1,13,156,156,0.4231,0.4551,0.0,27,42
DeepSeek V4.1 Flash,0,8,9,21,0.43,2,13,156,156,0.3846,0.5128,0.0,20,14
DeepSeek V4.1 Flash,0,8,9,21,0.43,3,13,156,156,0.2821,0.5385,0.0064,24,8
DeepSeek V4.1 Flash,0,8,9,21,0.43,4,13,156,156,0.2756,0.6346,0.0,13,12
DeepSeek V4.1 Flash,0,8,9,21,0.43,5,13,156,156,0.3077,0.6346,0.0,10,15
DeepSeek V4.1 Flash,0,8,9,21,0.43,6,13,156,156,0.2821,0.6731,0.0,9,5
DeepSeek V4.1 Flash,0,8,9,21,0.43,7,13,156,156,0.3141,0.6474,0.0,9,14
DeepSeek V4.1 Flash,0,8,9,21,0.43,vote,13,156,156,0.2436,0.6538,0.0,18,7
Gemini 3.8 Flash,0,8,0,2,0.00,0,107,214,214,0.5093,,0.0187,0,0
Gemini 3.8 Flash,0,8,0,2,0.00,1,107,214,214,0.6168,,0.028,10,33
Gemini 3.8 Flash,0,8,0,2,0.00,2,107,214,214,0.6308,,0.014,6,9
Gemini 3.8 Flash,0,8,0,2,0.00,3,107,214,214,0.6308,,0.0187,3,3
Gemini 3.8 Flash,0,8,0,2,0.00,4,107,214,214,0.6308,,0.014,1,1
Gemini 3.8 Flash,0,8,0,2,0.00,5,107,214,214,0.6402,,0.0187,0,2
Gemini 3.8 Flash,0,8,0,2,0.00,6,107,214,214,0.6308,,0.014,2,0
Gemini 3.8 Flash,0,8,0,2,0.00,7,107,214,214,0.6402,,0.0187,0,2
Gemini 3.8 Flash,0,8,0,2,0.00,vote,107,214,214,0.6355,,0.0047,3,2
Gemini 3.8 Flash,0,8,0,4,0.00,0,107,428,428,0.4182,,0.0304,0,0
Gemini 3.8 Flash,0,8,0,4,0.00,1,107,428,428,0.5584,,0.035,27,87
Gemini 3.8 Flash,0,8,0,4,0.00,2,107,428,428,0.5537,,0.0257,17,15
Gemini 3.8 Flash,0,8,0,4,0.00,3,107,428,428,0.5491,,0.0304,9,7
Gemini 3.8 Flash,0,8,0,4,0.00,4,107,428,428,0.5537,,0.0164,4,6
Gemini 3.8 Flash,0,8,0,4,0.00,5,107,428,428,0.5607,,0.028,3,6
Gemini 3.8 Flash,0,8,0,4,0.00,6,107,428,428,0.5631,,0.0304,2,3
Gemini 3.8 Flash,0,8,0,4,0.00,7,107,428,428,0.5654,,0.035,2,3
Gemini 3.8 Flash,0,8,0,4,0.00,vote,107,428,428,0.5701,,0.0047,7,9
Gemini 3.8 Flash,0,8,0,8,0.00,0,107,856,856,0.5175,,0.0175,0,0
Gemini 3.8 Flash,0,8,0,8,0.00,1,107,856,856,0.6951,,0.0222,59,211
Gemini 3.8 Flash,0,8,0,8,0.00,2,107,856,856,0.7488,,0.0152,19,65
Gemini 3.8 Flash,0,8,0,8,0.00,3,107,856,856,0.7442,,0.0245,15,11
Gemini 3.8 Flash,0,8,0,8,0.00,4,107,856,856,0.7371,,0.0245,11,5
Gemini 3.8 Flash,0,8,0,8,0.00,5,107,856,856,0.7313,,0.0257,10,5
Gemini 3.8 Flash,0,8,0,8,0.00,6,107,856,856,0.7371,,0.0292,2,7
Gemini 3.8 Flash,0,8,0,8,0.00,7,107,856,856,0.7313,,0.0245,8,3
Gemini 3.8 Flash,0,8,0,8,0.00,vote,107,856,856,0.729,,0.0117,10,8
Gemini 3.8 Flash,0,8,2,10,0.20,0,107,856,856,0.5117,0.229,0.0245,0,0
Gemini 3.8 Flash,0,8,2,10,0.20,1,107,856,856,0.6238,0.2535,0.0339,84,180
Gemini 3.8 Flash,0,8,2,10,0.20,2,107,856,856,0.6157,0.3049,0.0409,29,22
Gemini 3.8 Flash,0,8,2,10,0.20,3,107,856,856,0.6075,0.3201,0.0362,11,4
Gemini 3.8 Flash,0,8,2,10,0.20,4,107,856,856,0.5993,0.3306,0.0269,9,2
Gemini 3.8 Flash,0,8,2,10,0.20,5,107,856,856,0.5993,0.3586,0.021,6,6
Gemini 3.8 Flash,0,8,2,10,0.20,6,107,856,856,0.6063,0.347,0.0082,4,10
Gemini 3.8 Flash,0,8,2,10,0.20,7,107,856,856,0.5923,0.3762,0.0082,16,4
Gemini 3.8 Flash,0,8,2,10,0.20,vote,107,856,856,0.6168,0.3306,0.0093,4,25
Gemini 3.8 Flash,0,8,3,15,0.20,0,107,1284,1284,0.5023,0.25,0.0218,0,0
Gemini 3.8 Flash,0,8,3,15,0.20,1,107,1284,1284,0.6324,0.2804,0.0327,142,309
Gemini 3.8 Flash,0,8,3,15,0.20,2,107,1284,1284,0.6293,0.3014,0.0187,36,32
Gemini 3.8 Flash,0,8,3,15,0.20,3,107,1284,1284,0.6168,0.3092,0.0179,25,9
Gemini 3.8 Flash,0,8,3,15,0.20,4,107,1284,1284,0.6192,0.3154,0.0164,10,13
Gemini 3.8 Flash,0,8,3,15,0.20,5,107,1284,1284,0.6192,0.3193,0.0171,13,13
Gemini 3.8 Flash,0,8,3,15,0.20,6,107,1284,1284,0.6075,0.324,0.0202,27,12
Gemini 3.8 Flash,0,8,3,15,0.20,7,107,1284,1284,0.6051,0.3294,0.0202,13,10
Gemini 3.8 Flash,0,8,3,15,0.20,vote,107,1284,1284,0.6379,0.3326,0.0055,2,44
Gemini 3.8 Flash,0,8,1,3,0.33,0,107,214,214,0.4626,0.2243,0.0374,0,0
Gemini 3.8 Flash,0,8,1,3,0.33,1,107,214,214,0.5093,0.3551,0.0234,15,25
Gemini 3.8 Flash,0,8,1,3,0.33,2,107,214,214,0.514,0.4019,0.0234,6,7
Gemini 3.8 Flash,0,8,1,3,0.33,3,107,214,214,0.5047,0.3925,0.028,4,2
Gemini 3.8 Flash,0,8,1,3,0.33,4,107,214,214,0.5093,0.4065,0.0187,0,1
Gemini 3.8 Flash,0,8,1,3,0.33,5,107,214,214,0.5047,0.4019,0.0187,1,0
Gemini 3.8 Flash,0,8,1,3,0.33,6,107,214,214,0.5093,0.4206,0.0093,0,1
Gemini 3.8 Flash,0,8,1,3,0.33,7,107,214,214,0.5,0.4252,0.014,2,0
Gemini 3.8 Flash,0,8,1,3,0.33,vote,107,214,214,0.514,0.4065,0.0047,1,4
Gemini 3.8 Flash,0,8,2,6,0.33,0,107,428,428,0.4977,0.2547,0.014,0,0
Gemini 3.8 Flash,0,8,2,6,0.33,1,107,428,428,0.5467,0.2991,0.0304,54,75
Gemini 3.8 Flash,0,8,2,6,0.33,2,107,428,428,0.528,0.3902,0.035,19,11
Gemini 3.8 Flash,0,8,2,6,0.33,3,107,428,428,0.5257,0.4159,0.0164,12,11
Gemini 3.8 Flash,0,8,2,6,0.33,4,107,428,428,0.5164,0.4229,0.0187,6,2
Gemini 3.8 Flash,0,8,2,6,0.33,5,107,428,428,0.5093,0.4369,0.0117,3,0
Gemini 3.8 Flash,0,8,2,6,0.33,6,107,428,428,0.5117,0.4439,0.0093,1,2
Gemini 3.8 Flash,0,8,2,6,0.33,7,107,428,428,0.5093,0.4393,0.0093,2,1
Gemini 3.8 Flash,0,8,2,6,0.33,vote,107,428,428,0.5164,0.4229,0.0023,3,6
Gemini 3.8 Flash,0,8,4,12,0.33,0,107,856,856,0.5,0.2582,0.0269,0,0
Gemini 3.8 Flash,0,8,4,12,0.33,1,107,856,856,0.5911,0.3096,0.0269,102,180
Gemini 3.8 Flash,0,8,4,12,0.33,2,107,856,856,0.5701,0.3423,0.0269,38,20
Gemini 3.8 Flash,0,8,4,12,0.33,3,107,856,856,0.5491,0.3528,0.0257,22,4
Gemini 3.8 Flash,0,8,4,12,0.33,4,107,856,856,0.5432,0.389,0.028,13,8
Gemini 3.8 Flash,0,8,4,12,0.33,5,107,856,856,0.5409,0.3925,0.0234,8,6
Gemini 3.8 Flash,0,8,4,12,0.33,6,107,856,856,0.5245,0.4007,0.0187,18,4
Gemini 3.8 Flash,0,8,4,12,0.33,7,107,856,856,0.5292,0.4217,0.0105,4,8
Gemini 3.8 Flash,0,8,4,12,0.33,vote,107,856,856,0.5397,0.4229,0.0035,8,17
Gemini 3.8 Flash,0,8,6,18,0.33,0,107,1284,1284,0.5226,0.257,0.0125,0,0
Gemini 3.8 Flash,0,8,6,18,0.33,1,107,1284,1284,0.6129,0.2843,0.0226,151,267
Gemini 3.8 Flash,0,8,6,18,0.33,2,107,1284,1284,0.6083,0.303,0.0343,56,50
Gemini 3.8 Flash,0,8,6,18,0.33,3,107,1284,1284,0.5958,0.3458,0.0234,28,12
Gemini 3.8 Flash,0,8,6,18,0.33,4,107,1284,1284,0.5833,0.3676,0.0187,21,5
Gemini 3.8 Flash,0,8,6,18,0.33,5,107,1284,1284,0.5771,0.3754,0.0187,17,9
Gemini 3.8 Flash,0,8,6,18,0.33,6,107,1284,1284,0.5646,0.3917,0.0164,20,4
Gemini 3.8 Flash,0,8,6,18,0.33,7,107,1284,1284,0.5639,0.3949,0.0132,7,6
Gemini 3.8 Flash,0,8,6,18,0.33,vote,107,1284,1284,0.5794,0.3707,0.0,2,22
Gemini 3.8 Flash,0,8,3,7,0.43,0,107,428,428,0.493,0.2523,0.0187,0,0
Gemini 3.8 Flash,0,8,3,7,0.43,1,107,428,428,0.507,0.3458,0.0327,57,63
Gemini 3.8 Flash,0,8,3,7,0.43,2,107,428,428,0.486,0.4229,0.0164,18,9
Gemini 3.8 Flash,0,8,3,7,0.43,3,107,428,428,0.4603,0.4579,0.0093,14,3
Gemini 3.8 Flash,0,8,3,7,0.43,4,107,428,428,0.4556,0.472,0.0093,5,3
Gemini 3.8 Flash,0,8,3,7,0.43,5,107,428,428,0.4393,0.4883,0.007,8,1
Gemini 3.8 Flash,0,8,3,7,0.43,6,107,428,428,0.4346,0.5,0.007,2,0
Gemini 3.8 Flash,0,8,3,7,0.43,7,107,428,428,0.4393,0.5093,0.007,0,2
Gemini 3.8 Flash,0,8,3,7,0.43,vote,107,428,428,0.4509,0.4766,0.0093,1,6
Gemini 3.8 Flash,0,8,6,14,0.43,0,107,856,856,0.4883,0.2617,0.035,0,0
Gemini 3.8 Flash,0,8,6,14,0.43,1,107,856,856,0.5607,0.34,0.0397,102,164
Gemini 3.8 Flash,0,8,6,14,0.43,2,107,856,856,0.528,0.3949,0.0304,52,24
Gemini 3.8 Flash,0,8,6,14,0.43,3,107,856,856,0.5023,0.4182,0.021,34,12
Gemini 3.8 Flash,0,8,6,14,0.43,4,107,856,856,0.4918,0.4404,0.0129,13,4
Gemini 3.8 Flash,0,8,6,14,0.43,5,107,856,856,0.4778,0.4696,0.0,17,5
Gemini 3.8 Flash,0,8,6,14,0.43,6,107,856,856,0.465,0.486,0.0,14,3
Gemini 3.8 Flash,0,8,6,14,0.43,7,107,856,856,0.4626,0.5105,0.0012,3,1
Gemini 3.8 Flash,0,8,6,14,0.43,vote,107,856,856,0.4778,0.4731,0.0,1,14
Gemini 3.8 Flash,0,8,9,21,0.43,0,107,1284,1284,0.4844,0.3069,0.0241,0,0
Gemini 3.8 Flash,0,8,9,21,0.43,1,107,1284,1284,0.5631,0.3123,0.0226,168,269
Gemini 3.8 Flash,0,8,9,21,0.43,2,107,1284,1284,0.5592,0.359,0.021,53,48
Gemini 3.8 Flash,0,8,9,21,0.43,3,107,1284,1284,0.5452,0.3972,0.0125,27,9
Gemini 3.8 Flash,0,8,9,21,0.43,4,107,1284,1284,0.5319,0.4136,0.0086,24,7
Gemini 3.8 Flash,0,8,9,21,0.43,5,107,1284,1284,0.5366,0.4276,0.0023,12,18
Gemini 3.8 Flash,0,8,9,21,0.43,6,107,1284,1284,0.5179,0.4681,0.0,31,7
Gemini 3.8 Flash,0,8,9,21,0.43,7,107,1284,1284,0.5062,0.4813,0.0,27,12
Gemini 3.8 Flash,0,8,9,21,0.43,vote,107,1284,1284,0.5086,0.4502,0.0,16,19
Gemini 3.8 Flash,1,5,2,10,0.20,0,107,856,856,0.4953,0.2558,0.0187,0,0
Gemini 3.8 Flash,1,5,2,10,0.20,1,107,856,856,0.6016,0.2687,0.035,91,182
Gemini 3.8 Flash,1,5,2,10,0.20,2,107,856,856,0.6227,0.3727,0.028,14,32
Gemini 3.8 Flash,1,5,2,10,0.20,3,107,856,856,0.625,0.4357,0.0234,15,17
Gemini 3.8 Flash,1,5,2,10,0.20,4,107,856,856,0.6355,0.5129,0.0164,3,12
Gemini 3.8 Flash,1,5,2,10,0.20,vote,107,856,856,0.6449,0.2909,0.0117,2,10
Gemini 3.8 Flash,1,5,3,15,0.20,0,107,1284,1284,0.5047,0.2741,0.0187,0,0
Gemini 3.8 Flash,1,5,3,15,0.20,1,107,1284,1284,0.6301,0.278,0.0202,125,286
Gemini 3.8 Flash,1,5,3,15,0.20,2,107,1284,1284,0.6121,0.4182,0.0257,46,23
Gemini 3.8 Flash,1,5,3,15,0.20,3,107,1284,1284,0.6059,0.5164,0.0179,16,8
Gemini 3.8 Flash,1,5,3,15,0.20,4,107,1284,1284,0.6083,0.5896,0.0202,15,18
Gemini 3.8 Flash,1,5,3,15,0.20,vote,107,1284,1284,0.6192,0.3279,0.0055,17,31
Gemini 3.8 Flash,1,5,1,3,0.33,0,107,214,214,0.4953,0.2009,0.0187,0,0
Gemini 3.8 Flash,1,5,1,3,0.33,1,107,214,214,0.5467,0.3131,0.014,17,28
Gemini 3.8 Flash,1,5,1,3,0.33,2,107,214,214,0.5374,0.3598,0.0234,7,5
Gemini 3.8 Flash,1,5,1,3,0.33,3,107,214,214,0.5374,0.3785,0.0187,3,3
Gemini 3.8 Flash,1,5,1,3,0.33,4,107,214,214,0.5327,0.3972,0.0187,1,0
Gemini 3.8 Flash,1,5,1,3,0.33,vote,107,214,214,0.5421,0.3972,0.0047,1,3
Gemini 3.8 Flash,1,5,2,6,0.33,0,107,428,428,0.4696,0.2897,0.0187,0,0
Gemini 3.8 Flash,1,5,2,6,0.33,1,107,428,428,0.535,0.3248,0.0187,43,71
Gemini 3.8 Flash,1,5,2,6,0.33,2,107,428,428,0.5397,0.4206,0.0117,11,13
Gemini 3.8 Flash,1,5,2,6,0.33,3,107,428,428,0.5304,0.4673,0.0093,9,5
Gemini 3.8 Flash,1,5,2,6,0.33,4,107,428,428,0.528,0.4766,0.007,7,6
Gemini 3.8 Flash,1,5,2,6,0.33,vote,107,428,428,0.528,0.4042,0.0117,5,5
Gemini 3.8 Flash,1,5,4,12,0.33,0,107,856,856,0.4696,0.3516,0.0315,0,0
Gemini 3.8 Flash,1,5,4,12,0.33,1,107,856,856,0.5829,0.3364,0.0187,81,178
Gemini 3.8 Flash,1,5,4,12,0.33,2,107,856,856,0.5958,0.4019,0.0175,25,36
Gemini 3.8 Flash,1,5,4,12,0.33,3,107,856,856,0.5876,0.507,0.0164,22,15
Gemini 3.8 Flash,1,5,4,12,0.33,4,107,856,856,0.5841,0.5631,0.0117,13,10
Gemini 3.8 Flash,1,5,4,12,0.33,vote,107,856,856,0.6063,0.3879,0.0012,6,25
Gemini 3.8 Flash,1,5,6,18,0.33,0,107,1284,1284,0.4751,0.4104,0.0273,0,0
Gemini 3.8 Flash,1,5,6,18,0.33,1,107,1284,1284,0.5818,0.338,0.0335,133,270
Gemini 3.8 Flash,1,5,6,18,0.33,2,107,1284,1284,0.5911,0.4338,0.0202,46,58
Gemini 3.8 Flash,1,5,6,18,0.33,3,107,1284,1284,0.5794,0.4984,0.0164,45,30
Gemini 3.8 Flash,1,5,6,18,0.33,4,107,1284,1284,0.5693,0.5428,0.0195,23,10
Gemini 3.8 Flash,1,5,6,18,0.33,vote,107,1284,1284,0.5919,0.3917,0.0093,10,39
Gemini 3.8 Flash,1,5,3,7,0.43,0,107,428,428,0.5234,0.3154,0.0257,0,0
Gemini 3.8 Flash,1,5,3,7,0.43,1,107,428,428,0.5958,0.2944,0.0093,44,75
Gemini 3.8 Flash,1,5,3,7,0.43,2,107,428,428,0.5678,0.3692,0.0164,23,11
Gemini 3.8 Flash,1,5,3,7,0.43,3,107,428,428,0.535,0.4463,0.0093,16,2
Gemini 3.8 Flash,1,5,3,7,0.43,4,107,428,428,0.5327,0.4673,0.0047,9,8
Gemini 3.8 Flash,1,5,3,7,0.43,vote,107,428,428,0.5444,0.4276,0.0047,6,11
Gemini 3.8 Flash,1,5,6,14,0.43,0,107,856,856,0.4673,0.3925,0.0234,0,0
Gemini 3.8 Flash,1,5,6,14,0.43,1,107,856,856,0.5456,0.382,0.0257,92,159
Gemini 3.8 Flash,1,5,6,14,0.43,2,107,856,856,0.5257,0.4381,0.0093,36,19
Gemini 3.8 Flash,1,5,6,14,0.43,3,107,856,856,0.528,0.4696,0.0035,16,18
Gemini 3.8 Flash,1,5,6,14,0.43,4,107,856,856,0.5257,0.4836,0.0058,16,14
Gemini 3.8 Flash,1,5,6,14,0.43,vote,107,856,856,0.5432,0.4299,0.0012,8,23
Gemini 3.8 Flash,1,5,9,21,0.43,0,107,1284,1284,0.4813,0.4509,0.0265,0,0
Gemini 3.8 Flash,1,5,9,21,0.43,1,107,1284,1284,0.5872,0.3933,0.0382,129,265
Gemini 3.8 Flash,1,5,9,21,0.43,2,107,1284,1284,0.595,0.3512,0.0234,53,63
Gemini 3.8 Flash,1,5,9,21,0.43,3,107,1284,1284,0.5826,0.4019,0.0187,30,14
Gemini 3.8 Flash,1,5,9,21,0.43,4,107,1284,1284,0.5717,0.4136,0.0218,24,10
Gemini 3.8 Flash,1,5,9,21,0.43,vote,107,1284,1284,0.5958,0.359,0.0078,11,42
Grok 4.3,0,5,0,2,0.00,0,95,190,190,0.4211,,0.0,0,0
Grok 4.3,0,5,0,2,0.00,1,95,190,190,0.4842,,0.0211,6,18
Grok 4.3,0,5,0,2,0.00,2,95,190,190,0.4789,,0.0158,4,3
Grok 4.3,0,5,0,2,0.00,3,95,190,190,0.5053,,0.0158,0,5
Grok 4.3,0,5,0,2,0.00,4,95,190,190,0.4895,,0.0053,3,0
Grok 4.3,0,5,0,2,0.00,vote,95,190,190,0.4947,,0.0158,1,2
Grok 4.3,0,5,0,4,0.00,0,95,380,380,0.4316,,0.0053,0,0
Grok 4.3,0,5,0,4,0.00,1,95,380,380,0.5605,,0.0263,22,71
Grok 4.3,0,5,0,4,0.00,2,95,380,380,0.5632,,0.0184,11,12
Grok 4.3,0,5,0,4,0.00,3,95,380,380,0.55,,0.0184,11,6
Grok 4.3,0,5,0,4,0.00,4,95,380,380,0.5395,,0.0158,6,2
Grok 4.3,0,5,0,4,0.00,vote,95,380,380,0.5526,,0.0158,1,6
Grok 4.3,0,5,0,8,0.00,0,95,760,760,0.4105,,0.0013,0,0
Grok 4.3,0,5,0,8,0.00,1,95,760,760,0.5842,,0.0092,48,180
Grok 4.3,0,5,0,8,0.00,2,95,760,760,0.6013,,0.0145,9,22
Grok 4.3,0,5,0,8,0.00,3,95,760,760,0.6118,,0.0184,1,9
Grok 4.3,0,5,0,8,0.00,4,95,760,760,0.6132,,0.0184,0,1
Grok 4.3,0,5,0,8,0.00,vote,95,760,760,0.5816,,0.0237,25,1
Grok 4.3,0,5,2,10,0.20,0,95,760,760,0.4132,0.2434,0.0053,0,0
Grok 4.3,0,5,2,10,0.20,1,95,760,760,0.55,0.3184,0.0079,54,158
Grok 4.3,0,5,2,10,0.20,2,95,760,760,0.5395,0.4039,0.0026,25,17
Grok 4.3,0,5,2,10,0.20,3,95,760,760,0.5145,0.4684,0.0066,30,11
Grok 4.3,0,5,2,10,0.20,4,95,760,760,0.5158,0.4395,0.0118,11,12
Grok 4.3,0,5,2,10,0.20,vote,95,760,760,0.5184,0.3934,0.0105,6,8
Grok 4.3,0,5,3,15,0.20,0,95,1140,1140,0.4246,0.3158,0.0053,0,0
Grok 4.3,0,5,3,15,0.20,1,95,1140,1140,0.5325,0.3825,0.0096,102,225
Grok 4.3,0,5,3,15,0.20,2,95,1140,1140,0.5219,0.4456,0.0123,56,44
Grok 4.3,0,5,3,15,0.20,3,95,1140,1140,0.5079,0.4658,0.0123,29,13
Grok 4.3,0,5,3,15,0.20,4,95,1140,1140,0.5123,0.4781,0.0123,12,17
Grok 4.3,0,5,3,15,0.20,vote,95,1140,1140,0.4904,0.4193,0.0149,29,4
Grok 4.3,0,5,1,3,0.33,0,95,190,190,0.3789,0.2684,0.0053,0,0
Grok 4.3,0,5,1,3,0.33,1,95,190,190,0.4632,0.3263,0.0105,7,23
Grok 4.3,0,5,1,3,0.33,2,95,190,190,0.4474,0.3684,0.0,6,3
Grok 4.3,0,5,1,3,0.33,3,95,190,190,0.4421,0.3474,0.0053,3,2
Grok 4.3,0,5,1,3,0.33,4,95,190,190,0.4211,0.3421,0.0053,4,0
Grok 4.3,0,5,1,3,0.33,vote,95,190,190,0.4263,0.3684,0.0,1,2
Grok 4.3,0,5,2,6,0.33,0,95,380,380,0.4132,0.2868,0.0053,0,0
Grok 4.3,0,5,2,6,0.33,1,95,380,380,0.5079,0.3105,0.0105,31,67
Grok 4.3,0,5,2,6,0.33,2,95,380,380,0.4974,0.3605,0.0132,15,11
Grok 4.3,0,5,2,6,0.33,3,95,380,380,0.4895,0.3921,0.0,8,5
Grok 4.3,0,5,2,6,0.33,4,95,380,380,0.4711,0.4053,0.0079,8,1
Grok 4.3,0,5,2,6,0.33,vote,95,380,380,0.4684,0.3816,0.0132,9,8
Grok 4.3,0,5,4,12,0.33,0,95,760,760,0.4132,0.3487,0.0026,0,0
Grok 4.3,0,5,4,12,0.33,1,95,760,760,0.5632,0.3329,0.0158,59,173
Grok 4.3,0,5,4,12,0.33,2,95,760,760,0.5342,0.3829,0.0211,48,26
Grok 4.3,0,5,4,12,0.33,3,95,760,760,0.5132,0.425,0.0211,24,8
Grok 4.3,0,5,4,12,0.33,4,95,760,760,0.4934,0.4382,0.0211,18,3
Grok 4.3,0,5,4,12,0.33,vote,95,760,760,0.4868,0.4382,0.0105,12,7
Grok 4.3,0,5,6,18,0.33,0,95,1140,1140,0.4132,0.3746,0.0053,0,0
Grok 4.3,0,5,6,18,0.33,1,95,1140,1140,0.4877,0.4395,0.0018,106,191
Grok 4.3,0,5,6,18,0.33,2,95,1140,1140,0.4658,0.5132,0.0026,50,25
Grok 4.3,0,5,6,18,0.33,3,95,1140,1140,0.4509,0.5105,0.0018,29,12
Grok 4.3,0,5,6,18,0.33,4,95,1140,1140,0.443,0.5096,0.0018,16,7
Grok 4.3,0,5,6,18,0.33,vote,95,1140,1140,0.4368,0.4728,0.0,18,11
Grok 4.3,0,5,3,7,0.43,0,95,380,380,0.4158,0.3474,0.0026,0,0
Grok 4.3,0,5,3,7,0.43,1,95,380,380,0.5,0.3579,0.0053,29,61
Grok 4.3,0,5,3,7,0.43,2,95,380,380,0.4816,0.4053,0.0,18,11
Grok 4.3,0,5,3,7,0.43,3,95,380,380,0.4605,0.4237,0.0026,13,5
Grok 4.3,0,5,3,7,0.43,4,95,380,380,0.4342,0.4289,0.0079,11,1
Grok 4.3,0,5,3,7,0.43,vote,95,380,380,0.4158,0.4342,0.0026,9,2
Grok 4.3,0,5,6,14,0.43,0,95,760,760,0.4263,0.3737,0.0066,0,0
Grok 4.3,0,5,6,14,0.43,1,95,760,760,0.5118,0.4066,0.0118,83,148
Grok 4.3,0,5,6,14,0.43,2,95,760,760,0.4645,0.4645,0.0158,52,16
Grok 4.3,0,5,6,14,0.43,3,95,760,760,0.4276,0.4842,0.0132,39,11
Grok 4.3,0,5,6,14,0.43,4,95,760,760,0.3987,0.5105,0.0145,29,7
Grok 4.3,0,5,6,14,0.43,vote,95,760,760,0.3724,0.5092,0.0224,31,11
Grok 4.3,0,5,9,21,0.43,0,95,1140,1140,0.4237,0.4105,0.0035,0,0
Grok 4.3,0,5,9,21,0.43,1,95,1140,1140,0.5132,0.4342,0.0079,120,222
Grok 4.3,0,5,9,21,0.43,2,95,1140,1140,0.4842,0.4807,0.0035,71,38
Grok 4.3,0,5,9,21,0.43,3,95,1140,1140,0.4781,0.4737,0.0018,20,13
Grok 4.3,0,5,9,21,0.43,4,95,1140,1140,0.4535,0.5149,0.0026,34,6
Grok 4.3,0,5,9,21,0.43,vote,95,1140,1140,0.464,0.4526,0.0,16,28
Grok 4.3,1,5,2,10,0.20,0,95,760,760,0.4197,0.1974,0.0039,0,0
Grok 4.3,1,5,2,10,0.20,1,95,760,760,0.5579,0.1539,0.0013,51,156
Grok 4.3,1,5,2,10,0.20,2,95,760,760,0.575,0.1566,0.0026,13,26
Grok 4.3,1,5,2,10,0.20,3,95,760,760,0.5605,0.1908,0.0026,20,9
Grok 4.3,1,5,2,10,0.20,4,95,760,760,0.5605,0.1934,0.0,7,7
Grok 4.3,1,5,2,10,0.20,vote,95,760,760,0.5658,0.2684,0.0,10,14
Grok 4.3,1,5,3,15,0.20,0,94,1128,1128,0.4113,0.2509,0.0053,0,0
Grok 4.3,1,5,3,15,0.20,1,94,1128,1128,0.547,0.1933,0.0027,90,243
Grok 4.3,1,5,3,15,0.20,2,94,1128,1128,0.5452,0.1879,0.0027,43,41
Grok 4.3,1,5,3,15,0.20,3,94,1128,1128,0.5461,0.1977,0.0018,16,17
Grok 4.3,1,5,3,15,0.20,4,94,1128,1128,0.5452,0.2119,0.0027,12,11
Grok 4.3,1,5,3,15,0.20,vote,94,1128,1128,0.5346,0.258,0.0062,18,6
Grok 4.3,1,5,1,3,0.33,0,95,190,190,0.4105,0.2053,0.0,0,0
Grok 4.3,1,5,1,3,0.33,1,95,190,190,0.5105,0.2947,0.0105,9,28
Grok 4.3,1,5,1,3,0.33,2,95,190,190,0.5105,0.3263,0.0,5,5
Grok 4.3,1,5,1,3,0.33,3,95,190,190,0.5053,0.3632,0.0,4,3
Grok 4.3,1,5,1,3,0.33,4,95,190,190,0.4895,0.3579,0.0053,4,1
Grok 4.3,1,5,1,3,0.33,vote,95,190,190,0.4842,0.3632,0.0,4,3
Grok 4.3,1,5,2,6,0.33,0,95,380,380,0.4579,0.1789,0.0053,0,0
Grok 4.3,1,5,2,6,0.33,1,95,380,380,0.5658,0.1211,0.0053,21,62
Grok 4.3,1,5,2,6,0.33,2,95,380,380,0.5711,0.1553,0.0053,8,10
Grok 4.3,1,5,2,6,0.33,3,95,380,380,0.5711,0.1474,0.0105,2,2
Grok 4.3,1,5,2,6,0.33,4,95,380,380,0.5842,0.1474,0.0211,1,6
Grok 4.3,1,5,2,6,0.33,vote,95,380,380,0.5737,0.1947,0.0105,7,3
Grok 4.3,1,5,4,12,0.33,0,95,760,760,0.4211,0.2421,0.0026,0,0
Grok 4.3,1,5,4,12,0.33,1,95,760,760,0.5079,0.2197,0.0118,64,130
Grok 4.3,1,5,4,12,0.33,2,95,760,760,0.5118,0.2263,0.0039,23,26
Grok 4.3,1,5,4,12,0.33,3,95,760,760,0.5026,0.2447,0.0013,13,6
Grok 4.3,1,5,4,12,0.33,4,95,760,760,0.4842,0.3132,0.0039,18,4
Grok 4.3,1,5,4,12,0.33,vote,95,760,760,0.4789,0.3974,0.0039,12,8
Grok 4.3,1,5,6,18,0.33,0,94,1128,1128,0.4087,0.2092,0.0044,0,0
Grok 4.3,1,5,6,18,0.33,1,94,1128,1128,0.5106,0.1906,0.0098,109,224
Grok 4.3,1,5,6,18,0.33,2,94,1128,1128,0.5133,0.2473,0.0071,32,35
Grok 4.3,1,5,6,18,0.33,3,94,1128,1128,0.4894,0.2473,0.0044,30,3
Grok 4.3,1,5,6,18,0.33,4,94,1128,1128,0.477,0.242,0.0053,20,6
Grok 4.3,1,5,6,18,0.33,vote,94,1128,1128,0.4814,0.3449,0.0089,17,22
Grok 4.3,1,5,3,7,0.43,0,95,380,380,0.4105,0.1921,0.0026,0,0
Grok 4.3,1,5,3,7,0.43,1,95,380,380,0.5421,0.1842,0.0184,25,75
Grok 4.3,1,5,3,7,0.43,2,95,380,380,0.5342,0.2289,0.0158,13,10
Grok 4.3,1,5,3,7,0.43,3,95,380,380,0.5053,0.2474,0.0105,12,1
Grok 4.3,1,5,3,7,0.43,4,95,380,380,0.5,0.3026,0.0105,5,3
Grok 4.3,1,5,3,7,0.43,vote,95,380,380,0.4816,0.3605,0.0105,10,3
Grok 4.3,1,5,6,14,0.43,0,95,760,760,0.4276,0.2,0.0079,0,0
Grok 4.3,1,5,6,14,0.43,1,95,760,760,0.4855,0.1803,0.0079,88,132
Grok 4.3,1,5,6,14,0.43,2,95,760,760,0.4447,0.2342,0.0066,48,17
Grok 4.3,1,5,6,14,0.43,3,95,760,760,0.4197,0.3053,0.0039,25,6
Grok 4.3,1,5,6,14,0.43,4,95,760,760,0.3961,0.3355,0.0053,30,12
Grok 4.3,1,5,6,14,0.43,vote,95,760,760,0.3934,0.3961,0.0013,17,15
Grok 4.3,1,5,9,21,0.43,0,94,1128,1128,0.398,0.2473,0.0035,0,0
Grok 4.3,1,5,9,21,0.43,1,94,1128,1128,0.5186,0.2296,0.0053,89,225
Grok 4.3,1,5,9,21,0.43,2,94,1128,1128,0.5248,0.2119,0.0098,26,33
Grok 4.3,1,5,9,21,0.43,3,94,1128,1128,0.5115,0.2447,0.0115,24,9
Grok 4.3,1,5,9,21,0.43,4,94,1128,1128,0.5,0.2358,0.0133,17,4
Grok 4.3,1,5,9,21,0.43,vote,94,1128,1128,0.5,0.3121,0.0106,16,16
Muse Glimmer 30B,0,5,0,2,0.00,0,51,102,102,0.3627,,0.0882,0,0
Muse Glimmer 30B,0,5,0,2,0.00,1,51,102,102,0.4412,,0.0588,5,13
Muse Glimmer 30B,0,5,0,2,0.00,2,51,102,102,0.4412,,0.0588,4,4
Muse Glimmer 30B,0,5,0,2,0.00,3,51,102,102,0.451,,0.0196,0,1
Muse Glimmer 30B,0,5,0,2,0.00,4,51,102,102,0.4412,,0.0392,3,2
Muse Glimmer 30B,0,5,0,2,0.00,vote,51,102,102,0.4412,,0.0,2,2
Muse Glimmer 30B,0,5,0,4,0.00,0,51,204,204,0.4216,,0.049,0,0
Muse Glimmer 30B,0,5,0,4,0.00,1,51,204,204,0.4608,,0.0441,16,24
Muse Glimmer 30B,0,5,0,4,0.00,2,51,204,204,0.4755,,0.0392,8,11
Muse Glimmer 30B,0,5,0,4,0.00,3,51,204,204,0.451,,0.0343,9,4
Muse Glimmer 30B,0,5,0,4,0.00,4,51,204,204,0.4461,,0.0147,3,2
Muse Glimmer 30B,0,5,0,4,0.00,vote,51,204,204,0.4706,,0.0196,4,9
Muse Glimmer 30B,0,5,0,8,0.00,0,51,408,408,0.4608,,0.0588,0,0
Muse Glimmer 30B,0,5,0,8,0.00,1,51,408,408,0.576,,0.0441,33,80
Muse Glimmer 30B,0,5,0,8,0.00,2,51,408,408,0.5711,,0.027,17,15
Muse Glimmer 30B,0,5,0,8,0.00,3,51,408,408,0.5833,,0.0294,10,15
Muse Glimmer 30B,0,5,0,8,0.00,4,51,408,408,0.5956,,0.0294,4,9
Muse Glimmer 30B,0,5,0,8,0.00,vote,51,408,408,0.5735,,0.0147,16,7
Muse Glimmer 30B,0,5,2,10,0.20,0,51,408,408,0.451,0.2426,0.0588,0,0
Muse Glimmer 30B,0,5,2,10,0.20,1,51,408,408,0.473,0.3676,0.0294,50,59
Muse Glimmer 30B,0,5,2,10,0.20,2,51,408,408,0.4265,0.4363,0.0368,32,13
Muse Glimmer 30B,0,5,2,10,0.20,3,51,408,408,0.4118,0.4387,0.0294,15,9
Muse Glimmer 30B,0,5,2,10,0.20,4,51,408,408,0.4142,0.5,0.0123,9,10
Muse Glimmer 30B,0,5,2,10,0.20,vote,51,408,408,0.3971,0.5049,0.0147,14,7
Muse Glimmer 30B,0,5,3,15,0.20,0,51,612,612,0.4395,0.2288,0.067,0,0
Muse Glimmer 30B,0,5,3,15,0.20,1,51,612,612,0.5033,0.3186,0.0343,75,114
Muse Glimmer 30B,0,5,3,15,0.20,2,51,612,612,0.4918,0.4183,0.0343,32,25
Muse Glimmer 30B,0,5,3,15,0.20,3,51,612,612,0.4902,0.4199,0.0229,28,27
Muse Glimmer 30B,0,5,3,15,0.20,4,51,612,612,0.4755,0.4216,0.0196,32,23
Muse Glimmer 30B,0,5,3,15,0.20,vote,51,612,612,0.4641,0.4477,0.0278,29,22
Muse Glimmer 30B,0,5,1,3,0.33,0,51,102,102,0.402,0.2451,0.0588,0,0
Muse Glimmer 30B,0,5,1,3,0.33,1,51,102,102,0.4706,0.3431,0.0098,7,14
Muse Glimmer 30B,0,5,1,3,0.33,2,51,102,102,0.4314,0.3824,0.0196,8,4
Muse Glimmer 30B,0,5,1,3,0.33,3,51,102,102,0.4118,0.4314,0.0196,5,3
Muse Glimmer 30B,0,5,1,3,0.33,4,51,102,102,0.402,0.4706,0.0196,2,1
Muse Glimmer 30B,0,5,1,3,0.33,vote,51,102,102,0.4216,0.4804,0.0392,1,3
Muse Glimmer 30B,0,5,2,6,0.33,0,51,204,204,0.4608,0.2451,0.0637,0,0
Muse Glimmer 30B,0,5,2,6,0.33,1,51,204,204,0.4118,0.4363,0.0147,33,23
Muse Glimmer 30B,0,5,2,6,0.33,2,51,204,204,0.3382,0.5098,0.0441,19,4
Muse Glimmer 30B,0,5,2,6,0.33,3,51,204,204,0.3529,0.5294,0.049,6,9
Muse Glimmer 30B,0,5,2,6,0.33,4,51,204,204,0.3333,0.5,0.0245,6,2
Muse Glimmer 30B,0,5,2,6,0.33,vote,51,204,204,0.3725,0.5098,0.0196,5,13
Muse Glimmer 30B,0,5,4,12,0.33,0,51,408,408,0.4289,0.2647,0.0637,0,0
Muse Glimmer 30B,0,5,4,12,0.33,1,51,408,408,0.4314,0.3922,0.0221,55,56
Muse Glimmer 30B,0,5,4,12,0.33,2,51,408,408,0.3848,0.4632,0.0172,35,16
Muse Glimmer 30B,0,5,4,12,0.33,3,51,408,408,0.3505,0.5172,0.0319,20,6
Muse Glimmer 30B,0,5,4,12,0.33,4,51,408,408,0.3235,0.5172,0.0319,19,8
Muse Glimmer 30B,0,5,4,12,0.33,vote,51,408,408,0.3676,0.5245,0.0172,6,24
Muse Glimmer 30B,0,5,6,18,0.33,0,51,612,612,0.4199,0.2745,0.0654,0,0
Muse Glimmer 30B,0,5,6,18,0.33,1,51,612,612,0.4199,0.4183,0.0245,84,84
Muse Glimmer 30B,0,5,6,18,0.33,2,51,612,612,0.3611,0.5327,0.0261,59,23
Muse Glimmer 30B,0,5,6,18,0.33,3,51,612,612,0.3562,0.5703,0.0196,28,25
Muse Glimmer 30B,0,5,6,18,0.33,4,51,612,612,0.3317,0.5735,0.0245,33,18
Muse Glimmer 30B,0,5,6,18,0.33,vote,51,612,612,0.3186,0.5768,0.0327,37,29
Muse Glimmer 30B,0,5,3,7,0.43,0,51,204,204,0.4755,0.2059,0.0686,0,0
Muse Glimmer 30B,0,5,3,7,0.43,1,51,204,204,0.4314,0.3627,0.0245,30,21
Muse Glimmer 30B,0,5,3,7,0.43,2,51,204,204,0.3725,0.4363,0.0392,18,6
Muse Glimmer 30B,0,5,3,7,0.43,3,51,204,204,0.3578,0.4706,0.0245,10,7
Muse Glimmer 30B,0,5,3,7,0.43,4,51,204,204,0.3529,0.549,0.0049,6,5
Muse Glimmer 30B,0,5,3,7,0.43,vote,51,204,204,0.3186,0.5637,0.0098,8,1
Muse Glimmer 30B,0,5,6,14,0.43,0,51,408,408,0.4093,0.299,0.0613,0,0
Muse Glimmer 30B,0,5,6,14,0.43,1,51,408,408,0.3824,0.4093,0.0441,63,52
Muse Glimmer 30B,0,5,6,14,0.43,2,51,408,408,0.3162,0.5539,0.0123,44,17
Muse Glimmer 30B,0,5,6,14,0.43,3,51,408,408,0.2623,0.5907,0.0098,29,7
Muse Glimmer 30B,0,5,6,14,0.43,4,51,408,408,0.2353,0.6422,0.0049,16,5
Muse Glimmer 30B,0,5,6,14,0.43,vote,51,408,408,0.25,0.6446,0.0221,8,14
Muse Glimmer 30B,0,5,9,21,0.43,0,51,612,612,0.4346,0.3088,0.0621,0,0
Muse Glimmer 30B,0,5,9,21,0.43,1,51,612,612,0.433,0.4297,0.0261,96,95
Muse Glimmer 30B,0,5,9,21,0.43,2,51,612,612,0.3938,0.5392,0.0131,54,30
Muse Glimmer 30B,0,5,9,21,0.43,3,51,612,612,0.3562,0.5392,0.0131,31,8
Muse Glimmer 30B,0,5,9,21,0.43,4,51,612,612,0.3137,0.6013,0.0114,38,12
Muse Glimmer 30B,0,5,9,21,0.43,vote,51,612,612,0.2974,0.6013,0.018,35,25
