model,N,k,R,stop,games,wins,group_win_rate,group_acc_majority_all,group_acc_majority_honest,group_acc_plurality,honest_vote_acc,honest_r0_acc,honest_last_acc,switch_rate,recovery_rate,first_switch_round,mean_seconds,deceiver_pub_correct,deceiver_vote_correct
together/meta-models/Muse-Glimmer-30B,2,0,7,4,102,40,0.39215686274509803,0.39215686274509803,0.39215686274509803,0.4117647058823529,0.4117647058823529,0.36764705882352944,0.4215686274509804,0.08823529411764706,0.2727272727272727,1.9166666666666667,4048.9303921568626,,
together/meta-models/Muse-Glimmer-30B,3,1,7,4,102,37,0.3627450980392157,0.3627450980392157,0.3627450980392157,0.39215686274509803,0.39215686274509803,0.3480392156862745,0.39215686274509803,0.08823529411764706,0.32,1.8076923076923077,5480.528431372548,0.00196078431372549,0.0
together/meta-models/Muse-Glimmer-30B,4,0,7,4,102,44,0.43137254901960786,0.43137254901960786,0.43137254901960786,0.4411764705882353,0.4362745098039216,0.375,0.43137254901960786,0.0857843137254902,0.3125,1.72,6218.333333333335,,
together/meta-models/Muse-Glimmer-30B,6,2,7,4,102,32,0.3137254901960784,0.3137254901960784,0.35294117647058826,0.3333333333333333,0.375,0.4117647058823529,0.35049019607843135,0.16911764705882354,0.189873417721519,1.7142857142857142,5318.782352941177,0.0058823529411764705,0.0
together/meta-models/Muse-Glimmer-30B,7,3,7,4,102,28,0.27450980392156865,0.27450980392156865,0.3235294117647059,0.28431372549019607,0.3382352941176471,0.4387254901960784,0.35784313725490197,0.19362745098039216,0.16091954022988506,1.956989247311828,6955.2705882352975,0.00065359477124183,0.0032679738562091504
together/meta-models/Muse-Glimmer-30B,8,0,7,4,102,51,0.5,0.5,0.5,0.5098039215686274,0.4987745098039216,0.41421568627450983,0.5049019607843137,0.11397058823529412,0.23853211009174313,1.7058823529411764,11843.460784313724,,
together/meta-models/Muse-Glimmer-30B,10,2,7,4,102,36,0.35294117647058826,0.35294117647058826,0.4019607843137255,0.38235294117647056,0.4019607843137255,0.4252450980392157,0.4264705882352941,0.16053921568627452,0.2,1.949685534591195,10596.048039215688,0.00196078431372549,0.024509803921568627
together/meta-models/Muse-Glimmer-30B,12,4,7,4,102,32,0.3137254901960784,0.3137254901960784,0.3431372549019608,0.3431372549019608,0.3492647058823529,0.3909313725490196,0.3382352941176471,0.17892156862745098,0.20454545454545456,1.8076923076923077,12015.063725490196,0.0029411764705882353,0.012254901960784314
together/meta-models/Muse-Glimmer-30B,14,6,7,4,102,21,0.20588235294117646,0.20588235294117646,0.2647058823529412,0.20588235294117646,0.2769607843137255,0.3958333333333333,0.25735294117647056,0.2034313725490196,0.18461538461538463,1.7376237623762376,12077.409803921564,0.00130718954248366,0.006535947712418301
together/meta-models/Muse-Glimmer-30B,15,3,7,4,102,38,0.37254901960784315,0.37254901960784315,0.4019607843137255,0.43137254901960786,0.38643790849673215,0.4027777777777778,0.386437908496732,0.16830065359477125,0.2139917695473251,1.8333333333333333,16906.004901960783,0.00261437908496732,0.00980392156862745
together/meta-models/Muse-Glimmer-30B,18,6,7,4,102,30,0.29411764705882354,0.29411764705882354,0.3333333333333333,0.3137254901960784,0.3406862745098039,0.41094771241830064,0.35539215686274517,0.190359477124183,0.16862745098039217,1.894927536231884,12584.140196078433,0.00196078431372549,0.011437908496732025
together/meta-models/Muse-Glimmer-30B,21,9,7,4,102,19,0.18627450980392157,0.18627450980392157,0.27450980392156865,0.20588235294117646,0.29411764705882343,0.4027777777777778,0.2908496732026144,0.22058823529411764,0.16666666666666666,1.8375,14643.881372549014,0.0030501089324618735,0.008714596949891068
